moniker,operator_address,address,consensus_pubkey,staked,delegator_shares,greed,max_change_rate,ownership,jailed_times,pre_commits,power,validator_rank,cost_optimization,cost_optimization_strategy,cost_endorsement,decentralization,decentralization_endorsement,confidence,confidence_endorsement,reliability,reliability_endorsement,superintelligence,superintelligence_endorsement,total
cyberG,bostromvaloper1en69twaxmv7xupy8lq7y539dpecx7yz8s43ceg,bostrom1en69twaxmv7xupy8lq7y539dpecx7yz8g0k8ft,bostromvalconspub1hrxrvh34agsz0dg27ydkqtqdm3s30xu675ypshx3x6wpaeep0vkqcvrln0,3104860687011.0,3105792331395.201,0.1,0.88,0.9999999789676045,3.0,86.8760754964355,36156037.6709,7.0,100,12.121200000000002,81941621516,0.0015034364261168386,34579037800,0.01253935601401999,230724150657,187.8845609421794,127535130015,0.6082231786295216,5595653243391,6070433183379
DragonBall,bostromvaloper1dt9lwmuq8rkngm5gajxchqhpcnavgp7m4lt66x,bostrom1dt9lwmuq8rkngm5gajxchqhpcnavgp7md9v929,bostromvalconspub1ff57qvfrw9pmfeu22as8prjwektqn3tx7qq8mqk3gf3aenuflpwqsn9g5f,975078956766.0,975176474321.8431,0.05,0.1,0.9950840177235732,1.0,84.43840063681095,9984541.212225,31.0,400,90.909,390015438915,0.00665807560137457,153135738831,0.012477713024533458,229589919651,221.26843804909646,150195944113,0.1679616955965457,1545247599488,2468184640998
Papsan | in UA but stable,bostromvaloper18naxcfp2s397a2ucav2m53f003uylk3q6lwnna,bostrom18naxcfp2s397a2ucav2m53f003uylk3qz9fvr7,bostromvalconspub1v90p6fd4hf8tz2umqukdzhz93qp9fz50hf3pumy9p7suy5e00r0sakdwmj,1307848949363.0,1308241382241.5144,0.1,0.1,0.8844231044826204,3.0,87.31251731524874,6211194.34078,22.0,100,90.909,197546819668,0.004725085910652921,108676975945,0.01109009640738367,204057773895,188.6447928573705,128051171758,0.10448579568981486,961269320346,1599602061612
Schuma808,bostromvaloper1e6lyjgyfmcyv70rmazfghd23vj6n3ttv65kwxh,bostrom1e6lyjgyfmcyv70rmazfghd23vj6n3ttvzw33k5,bostromvalconspub1jncu7snwrk0jlau4xhkavy3hkmv958k20ystahfyc54t6r9p5wyq9vk0xm,168682583.0,168716254.285981,0.05,0.01,0.9994071369197095,1.0,97.68413069912789,0.0,94.0,400,99.99990000000001,403354500240,0.020189003436426118,464347079037,0.012531922156365002,230587367677,245.36203381566446,166550560230,0.0,0,1264839507184
weiss,bostromvaloper1369tzcr8a79h3ryd9kl0kneurwssmmsq7ur6gf,bostrom1369tzcr8a79h3ryd9kl0kneurwssmmsqxxy9c2,bostromvalconspub1l2jz34nm5746kwsslhnxkrqae4veellhaqzgxrgcy939qwvc0ycq3xzcph,4956431241.0,4956431241.0,0.05,0.01,0.9999991929683724,0.0,0.0,0.0,91.0,400,99.99990000000001,403354500240,0.0195446735395189,449527491408,0.012539346158095585,230723969308,200.0,135759031371,0.0,0,1219364992327
ForTheFutureWeNeed,bostromvaloper1s6v5ragv9gg3sq7j3aeqtyy82uaxv3y0vd9g8y,bostrom1s6v5ragv9gg3sq7j3aeqtyy82uaxv3y05hzhh8,bostromvalconspub16ehv0t5z6csv49m4qpv29xjkexu0783kcwwlr95aqhucdrwuwmmshxvcmg,15213362328.0,15213362328.0,0.05,0.01,0.9999476842482762,0.0,0.0,0.0,90.0,400,99.99990000000001,403354500240,0.019329896907216496,444587628865,0.012538700271902887,230712085003,200.0,135759031371,0.0,0,1214413245479
Veterano,bostromvaloper1r798qg4dk8ffwaexz996e0anaz4x7yvqcuyel4,bostrom1r798qg4dk8ffwaexz996e0anaz4x7yvqqxrx0k,bostromvalconspub1yawtjlrenal6w2m2lm6vkf96r9623tfvq9jwrqetl5zrpjetw3asrtky9l,60157409309.0,60157409309.0,0.05,0.01,0.9999907445430014,0.0,10.981376160221867,0.0,87.0,400,99.99990000000001,403354500240,0.018685567010309278,429768041237,0.012539240220279873,230722020053,201.20590622372288,136577594675,0.0,0,1200422156205
UmbrellaIT,bostromvaloper1a37z37ce2qvnvvadky9y7m09qwcz3k0prapt73,bostrom1a37z37ce2qvnvvadky9y7m09qwcz3k0pm8x5wj,bostromvalconspub1ulszp0az8zj809xfkyw9n538rycmg7f2vfpr3arx37ftnyr3v6rswgqvuq,100984897585.0,100984897585.0,0.05,0.01,0.9998770221896038,0.0,71.52698206337314,0.0,76.0,400,99.99990000000001,403354500240,0.01632302405498282,375429553264,0.012537814215173875,230695781559,251.16109163094103,170486932590,0.0,0,1179966767653
2WAy,bostromvaloper1ahqvg92jdt09dkfwwct0frg0dh2euafktp88qx,bostrom1ahqvg92jdt09dkfwwct0frg0dh2euafknmqcs9,bostromvalconspub14pavrdthykx5echqlrspyy6qrjsrqpznlqfdcnhpsrp92cq7tagqswd56s,70860754029.0,70860754029.0,0.05,0.01,0.948166498406947,0.0,37.86896052866226,0.0,81.0,400,99.99990000000001,403354500240,0.017396907216494846,400128865979,0.011889397534153938,218764914628,214.3405817152138,145493348786,0.0,0,1167741629633
subi,bostromvaloper1fvh29xlzzatu390p3lpe7uhdsl7dpffct9pjqr,bostrom1fvh29xlzzatu390p3lpe7uhdsl7dpffcnlxdsq,bostromvalconspub1djvqr9svquj4k32wk27jj608w77k90akujj7xx5j38ueke9aed2segu9vq,100391020732.0,100391020732.0,0.05,0.01,0.9210516076957816,0.0,44.11204012479929,31.039956,78.0,400,99.99990000000001,403354500240,0.01675257731958763,385309278350,0.011549394259094308,212508854367,219.45872083971904,148967516836,5.221595594816888e-07,4803867,1150144953660
kirock,bostromvaloper1qkw8dtdansmvayk2jxfkpel9q4d20rvf05lk94,bostrom1qkw8dtdansmvayk2jxfkpel9q4d20rvfhwcf4k,bostromvalconspub19wgge8yju3tgsv2vw6n678fsxaa4zydyp4w9a52x6upf8jt0fpvsguff46,104086244733.0,104086244733.0,0.05,0.01,0.9999989841813572,0.0,54.49755683025281,4.159560000000001,72.0,400,99.99990000000001,403354500240,0.015463917525773196,355670103092,0.012539343540040816,230723921136,229.69983700466636,155919136889,6.997284458900824e-08,643750,1145668305107
CosmoZOO,bostromvaloper1ch4gcnqtzfd6l2kq0qdw7g9hnd09dg34pc4d8n,bostrom1ch4gcnqtzfd6l2kq0qdw7g9hnd09dg34ezjjhs,bostromvalconspub1m9t6400d9mv3zqsg78epwfew6jv4puaxmd2wwlezcxwx4z229z6qczetg8,162662468833.0,162662468833.0,0.05,0.01,0.9960231957631563,0.0,68.36009175481595,0.0,62.0,400,99.99990000000001,403354500240,0.01331615120274914,306271477663,0.012489489712580031,229806610711,246.73102144726857,167479822405,0.0,0,1106912411019
linak,bostromvaloper1v46pz6ddetfc3tnvdr28ss0l48jhazgytkxwga,bostrom1v46pz6ddetfc3tnvdr28ss0l48jhazgynvp3c7,bostromvalconspub1eg42xuve49tkvhrrwzkdzve025jecyqwjgvccw7xecq8t0smvm4svcfjq7,242421070.0,242421070.0,0.1,0.01,0.9998616279201543,0.0,0.0,0.0,93.0,100,99.99990000000001,210885880994,0.01997422680412371,459407216494,0.012537621180944612,230692229729,200.0,135759031371,0.0,0,1036744358588
CatsRuleTheWorld,bostromvaloper1kn8tm2zj68tnv2vm3t6e5nnjrghqhql295zu9g,bostrom1kn8tm2zj68tnv2vm3t6e5nnjrghqhql2aw9r4t,bostromvalconspub16vqkyjy7t2kzlhu0ndpra8wz8qs3uy9kdvj0z3ufmlx749ptvlysj7dy9a,402915769667.0,402915769667.0,0.05,0.01,0.9955952528507331,0.0,76.01632490235673,20.538179999999997,46.0,400,99.99990000000001,403354500240,0.009879725085910653,227233676975,0.012484123583934617,229707873944,257.7848165166066,174983084963,3.454968499747754e-07,3178571,1035282314693
web34ever âˆž DVS,bostromvaloper15zs0cjct43xs4z4sesxcrynar5mxm82fh73g0j,bostrom15zs0cjct43xs4z4sesxcrynar5mxm82f0ykhl3,bostromvalconspub1927tnak0am00zrfzckh0hzevz64jwyp9j0zq7g3c2jtnmvssntzsapetck,1094927591855.0,1095365672192.9707,0.1,0.1,0.999947198381132,4.0,86.99559461051909,2175765.4999079998,28.0,100,90.909,197546819668,0.006013745704467354,138316151202,0.012538694179441662,230711972901,181.81240085276787,123413377155,0.036601107133251654,336730185625,1026718506551
Mordor,bostromvaloper1vmwdqm6c4qq2hw0y2s6fevvf90qrh35srdduj3,bostrom1vmwdqm6c4qq2hw0y2s6fevvf90qrh35smh2rzj,bostromvalconspub16dndd784gs9nsspx6pv6sv9xc5eethygdrfh8myvc0apj8khrhuqyj378y,107915077549.0,107969049721.69987,0.04,0.01,0.9987097780284655,5.0,51.94869807898564,0.0,71.0,320,99.99990000000001,352029535108,0.01524914089347079,350730240549,0.012523177724774235,230426470135,129.96178159560117,88217427923,0.0,0,1021403673715
Ecostake.dev,bostromvaloper1mst9jk3j08et96pnnmw9xz8vqus77tc8j4wty4,bostrom1mst9jk3j08et96pnnmw9xz8vqus77tc820f55k,bostromvalconspub1tx27txaz0gg06th7psnnf695d9t2574jxy9ysg4xjv72vr2y0v4qxgar86,572132680572.0,572189899529.2285,0.05,0.01,0.9009528529272633,0.0,99.99953297434628,0.0,41.0,400,99.99990000000001,403354500240,0.008805841924398625,202534364261,0.011297368812312676,207871586146,299.9690689679277,203617551222,0.0,0,1017378001869
A33node,bostromvaloper1nn879nanadz3v2u98halnyqlazxj66da437ws5,bostrom1nn879nanadz3v2u98halnyqlazxj66dadte3qh,bostromvalconspub1uz5q8cc8nthmn2cn5h2hz28kdd3jj2tp4287xdzw3r5y6ayfr7jsgy5p4s,151978470049.0,151993669404.84424,0.06,0.01,0.9999047352988387,1.0,72.01230533769741,8.043035,65.0,278,99.99990000000001,325083928413,0.013960481099656358,321091065292,0.012538161719724135,230702175642,201.82772422229462,136999681721,1.3530133910292285e-07,1244772,1013878095840
ork,bostromvaloper1t0eh92elc0mefajd3xr7e7xqfpv970c4srkn36,bostrom1t0eh92elc0mefajd3xr7e7xqfpv970c4ge3vpe,bostromvalconspub1umqrfy9w25s932jmlj3g4544tu28qs7jdh2rm8slkenf6gqr38nqlc3t0g,809429457.0,809510340.7990689,0.1,0.01,0.9895574065833468,1.0,33.19438072323173,0.0,92.0,100,99.99990000000001,210885880994,0.019759450171821305,454467353951,0.012408412878437561,228314796963,160.98869702782616,109278347851,0.0,0,1002946379759
PensionFund4ALL,bostromvaloper1nmr4flrrzrka3lanfwxklunsapr92fqqvewuaj,bostrom1nmr4flrrzrka3lanfwxklunsapr92fqq5rfrd3,bostromvalconspub1vff3nfv28rteskwgaduwal8v4q8l9hqfj8k3hezs7czfhx0zdj2sjm8f8n,251863847459.0,251889036362.63626,0.05,0.01,0.9599594642130329,1.0,40.26897827292527,73.98175499999999,53.0,400,99.99990000000001,403354500240,0.01138316151202749,261812714776,0.012037273733967804,221485836705,166.18590911135328,112806190242,1.2445339999992984e-06,11449712,999470691675
Povver,bostromvaloper1nkh6h5cevm3xnky4elvkr7zd5gdzhlc9jvzm34,bostrom1nkh6h5cevm3xnky4elvkr7zd5gdzhlc92k9ypk,bostromvalconspub1nn3nh3h8xqh4q8nl044pvlkqk9hfqn03cwzvdc4uf36y6m6f8srq9scq96,60603871826.0,60603871826.0,0.1,0.01,0.8955521383088634,0.0,40.85169289461135,0.0,86.0,100,99.99990000000001,210885880994,0.018470790378006873,424828178694,0.011229647327558092,206625510827,216.68860812355638,147087177740,0.0,0,989426748255
lux8.net,bostromvaloper1m0tjgkrh4td9fcp8nnssu3rfdahzfgds026q0x,bostrom1m0tjgkrh4td9fcp8nnssu3rfdahzfgdshsall9,bostromvalconspub1qk7tlt64pttw8x28cty3cfw8v665kqzn3nmvcc85fsj4t3tjtpdqd04fwm,135373682094.0,135373682094.0,0.08,0.05,0.9999910618703889,0.0,70.85315381760613,0.0,70.0,157,95.9595,241526446950,0.015034364261168385,345790378006,0.01253924419936104,230722093268,250.20169405901353,169835698164,0.0,0,987874616388
Karadeniz,bostromvaloper1vcr2hxm439mm5t0knqa335lcgqrnukmzae9nlv,bostrom1vcr2hxm439mm5t0knqa335lcgqrnukmz9rzv00,bostromvalconspub1kn5662tx5ps6rchw3j56ehffxredzfs5ymlqm3ypzqtw5dvw9atstrynh9,61308067819.0,61308067819.0,0.1,0.01,0.9440441172659568,0.0,33.175382009738605,0.0,84.0,100,99.99990000000001,210885880994,0.01804123711340206,414948453608,0.011837705528314374,217813781720,211.00605971492087,143229891402,0.0,0,986878007724
Krasotka,bostromvaloper1lyqkz9c5j5tu52kgrjhpaukx4zfsehxs4af9a6,bostrom1lyqkz9c5j5tu52kgrjhpaukx4zfsehxsd8w6de,bostromvalconspub1kdvhye39dmwfz9qy37ltlq7a77fswvaxtd55h4lp40vq9d0gzn5qlyn7wm,100190347995.0,100270535777.15457,0.05,0.01,0.4721098614856769,8.0,42.9213204942526,0.0,79.0,400,99.99990000000001,403354500240,0.016967353951890033,390249140893,0.005919953755409376,108927149099,118.57330004898267,80486981805,0.0,0,983017772037
Stigga,bostromvaloper12kpw3e9ypjal6upmju9smwgjhwefpt7vaxz99p,bostrom12kpw3e9ypjal6upmju9smwgjhwefpt7v9u964z,bostromvalconspub1gmpns7257rn43k67dglk2wqpdwt6uxzzw4sr6ff4hajan5ppyfsseqq28z,101324438663.0,101324438663.0,0.1,0.01,0.9912313111248903,0.0,70.19776603851916,4.104276,74.0,100,99.99990000000001,210885880994,0.015893470790378006,365549828178,0.012429402563858924,228701007175,249.27726356798672,169208199224,6.904284748829114e-08,635194,974345550765
Interstellar,bostromvaloper19wgu7vy9ym07c3h06s49xg89j7v77amsq5uepp,bostrom19wgu7vy9ym07c3h06s49xg89j7v77amscwmx3z,bostromvalconspub13vs6tn84qrcuzhaunw8t79z3vf929uvhz0r23yrxfh4v2eh74ywqm06n5v,18022525000.0,18026130000.0,0.1,0.01,0.999445666240436,2.0,0.0,0.0,89.0,100,99.99990000000001,210885880994,0.01911512027491409,439647766323,0.01253240528924473,230596257322,124.94001575890236,84808677594,0.0,0,965938582233
goto5k,bostromvaloper10trdf5eyfcmc9graltx4hmpgznhrm7hd6adf6s,bostrom10trdf5eyfcmc9graltx4hmpgznhrm7hdz82k2n,bostromvalconspub1f4tujen6k676rm74wgu0vlh88e7hq4gvd6k49aeyx424zj3lygaqrf2wew,1061590506381.0,1061590506381.0,0.05,0.01,0.9999992287547079,0.0,87.89013450290116,0.0,29.0,400,99.99990000000001,403354500240,0.00622852233676976,143256013745,0.012539346606833196,230723977565,277.2467574293806,188193756197,0.0,0,965528247747
stardust,bostromvaloper13jh45qvk2fw0fw6l35md22a0hvy02ag0hcq9xc,bostrom13jh45qvk2fw0fw6l35md22a0hvy02ag00z86km,bostromvalconspub1yz9jk2edyshzzxl0cdx5zqyxc7ctf0avshyaheum3ame3c0cuv0s6mng68,61399585952.0,61399585952.0,0.05,0.05,0.05000150004500135,0.0,37.5735832950821,0.0,83.0,400,95.9595,397426028540,0.017826460481099655,410008591065,0.0006269866234863391,11536553872,214.11774161632474,145342086006,0.0,0,964313259483
Developer,bostromvaloper19ys53t55r725j882gjcrnf7s449gdrdsfddgvk,bostrom19ys53t55r725j882gjcrnf7s449gdrds3h2hu4,bostromvalconspub19820cx90the4cmus8nhrvvehnuyt0x3g79zl4dnpd8x0heyqyv8qte5wwf,1242948513158.0,1242948513158.0,0.08,0.01,0.9999981776186265,0.0,87.89391946994853,1095141.616125,25.0,157,99.99990000000001,247454918650,0.0053694158075601375,123496563573,0.012539333426263375,230723735043,277.25341079789797,188198272472,0.018422663480769583,169488504023,959361993761
Vinterface,bostromvaloper1he0f64czkyhs2fhlp585sfpac6vg89xrlssjm0,bostrom1he0f64czkyhs2fhlp585sfpac6vg89xr82hdtv,bostromvalconspub13ya9qeltc6u5q386nsdy9u6kjjtgk5z6fpehmewl70606gwvyzeskf9x6t,7217350.0,7223769.033220939,0.05,0.01,3.4374358386866575e-07,8.0,14.257456963894105,14.398789999999998,96.0,400,99.99990000000001,403354500240,0.020618556701030927,474226804123,4.310323266320762e-09,79309,102.1570329328373,69343699193,2.422189594427693e-07,2228414,946927311279
odinmanul,bostromvaloper1cn8nm5ywfda7dkrfcsh0wdnne6zx4pr536s9s4,bostrom1cn8nm5ywfda7dkrfcsh0wdnne6zx4pr5fqh6qk,bostromvalconspub1w5y4e8r0c7t3j9js3hyxfnhdf7v4dl07eqvjupvrvq42rlypd0js8tj8ms,100489999000.0,100500049004.9005,0.1,0.01,0.9932301950044327,1.0,58.36318330478119,0.0,77.0,100,99.99990000000001,210885880994,0.016537800687285224,380369415807,0.012454467280982361,229162197970,184.03261465457484,124920447531,0.0,0,945337942302
Maksimba,bostromvaloper16wcy0dlqx58n3j6gfm2l28t949ka5l4legnuur,bostrom16wcy0dlqx58n3j6gfm2l28t949ka5l4lpj5rvq,bostromvalconspub1vmtm9rpm3yla5uqj64l37amaajwn3avd253rd0hct3npf63rd9esflyxmq,103337459017.0,103337459017.0,0.1,0.01,0.893987592551428,0.0,66.88590048619014,0.0,73.0,100,99.99990000000001,210885880994,0.0156786941580756,360609965635,0.011210028930892763,206264532328,244.7372368384853,166126451068,0.0,0,943886830025
	EZStaking.io,bostromvaloper1gjtvly9lel6zskvwtvlg5vhwpu9c9wawqdpmv3,bostrom1gjtvly9lel6zskvwtvlg5vhwpu9c9wawchxyuj,bostromvalconspub13avurwqm2k5nrprpedn605nxer582g48ry7k6pmxm49fmgsjzlkqpchuy9,714822107142.0,715036596237.3712,0.05,0.03,0.9432157367316311,3.0,85.41501581629727,0.0,39.0,400,97.97970000000001,400390264390,0.008376288659793814,192654639175,0.011827318169660907,217622654321,185.36728544219358,125826415598,0.0,0,936493973484
ZeNode,bostromvaloper1tzqkk6c8hdlarhmcg8jxqfyqfx4v73t0r4shfe,bostrom1tzqkk6c8hdlarhmcg8jxqfyqfx4v73t0m0hge6,bostromvalconspub1cqsr4amtgujcqnuefhl0fhtudvsx4f73vnn54z70q8zf68td383sq7y4wn,201081992939.0,201102103105.35382,0.1,0.01,0.9983723658875187,0.0,99.99543557705475,0.0,59.0,100,99.99990000000001,210885880994,0.012671821305841924,291451890034,0.012518946793726463,230348621004,299.9608744279097,203611988808,0.0,0,936298380840
Godzilla,bostromvaloper1dxpm2ne0jflzr2hy9j5has6u2dvfv68c99mvs8,bostrom1dxpm2ne0jflzr2hy9j5has6u2dvfv68calunqy,bostromvalconspub1qems8acgjtvv92gyns6m057t5zr65s762dcu86qcr37hzymgvk5senjyky,2296401295178.0,2296401295178.0,0.0444,0.01,0.9698220846768825,0.0,87.55498932795373,588328.2312,11.0,355,99.99990000000001,374484207353,0.0023625429553264603,54338487972,0.012160944645796267,223761381482,276.6587615621809,187794627450,0.009896960228746239,91052034104,931430738361
chocowaka,bostromvaloper1hqjl8luqfwmndsqf8esjeptd8st5ge2e0c8s9z,bostrom1hqjl8luqfwmndsqf8esjeptd8st5ge2ehzq04p,bostromvalconspub19l40swdvz4hayenantdn244wnkex6rfld9ads2e64x4cr20gnctsctl5rq,142931648549.0,142931648549.0,0.09,0.01,0.8466241555159008,0.0,69.28715028472394,0.0,69.0,124,99.99990000000001,226283370533,0.014819587628865979,340850515463,0.01061612191936538,195336643316,248.0070919457792,168346012879,0.0,0,930816542191
POSTCAPITALISTðŸŽ©,bostromvaloper1zaefvwrgk2g45k68a3ngahgq0xky5zgeluu86f,bostrom1zaefvwrgk2g45k68a3ngahgq0xky5zge8xmc22,bostromvalconspub1fdswkxprs202vjgdcdsdvpq3gy43s0954zhp0stswg35kam3f7qshxa5en,872139091412.0,872139091412.0,0.05,0.01,0.6603615477196887,0.0,87.73210863283313,0.0,37.0,400,99.99990000000001,403354500240,0.007946735395189003,182774914089,0.008280508718985361,152361360429,276.96922885163235,188005371143,0.0,0,926496145901
HarryHolder,bostromvaloper14apeaupv2kt6d07sflggpk9jt6zmuldqh5hjgv,bostrom14apeaupv2kt6d07sflggpk9jt6zmuldq0wsdc0,bostromvalconspub1c23hnc7gvugk24re885jcsc89z8x8x5dgljmmum80rm40847cl3qfxuc98,152549883257.0,152549883257.0,0.1,0.01,0.9316445376550508,0.0,73.84699897298718,0.0,64.0,100,99.99990000000001,210885880994,0.013745704467353952,316151202749,0.011682222781878865,214952899186,254.53379257316368,172776305655,0.0,0,914766288584
spectrum,bostromvaloper15n3t80p7eseld809f7fu3s9tlcezlymk3rmt4s,bostrom15n3t80p7eseld809f7fu3s9tlcezlymkfeu59n,bostromvalconspub1vugmtjmpjtqml3acrz7qg4jt5xrpgvet4ahg5e2d44psaccxn3kslhn52q,950476053077.0,950666176720.7996,0.05,0.01,0.9146333908422842,2.0,87.12525899710079,3324.5552000000002,33.0,400,99.99990000000001,403354500240,0.007087628865979381,163015463917,0.011468913951300426,211028016703,200.84812257789469,136334732869,5.592624804959639e-05,514521482,914247235211
Samuelson,bostromvaloper1yelfarfq3tu3gmtwm0c9fythen0u2xcap75eaa,bostrom1yelfarfq3tu3gmtwm0c9fythen0u2xcaeynxd7,bostromvalconspub1ckmxgx5w3dfyevl86g02aaerp696a4vvlh5uuz6ewdv8hdnc3nlsc6eezj,60660104789.0,60757237305.32871,0.1,0.01,0.9126725933873676,16.0,17.578856754364082,0.0,85.0,100,99.99990000000001,210885880994,0.01825601374570447,419888316151,0.011444326813424718,210575613367,102.61284465930649,69653101986,0.0,0,911002912498
2friends,bostromvaloper1pt0x7tu4df8jyp3kjs970m3e97xkks96mvs04z,bostrom1pt0x7tu4df8jyp3kjs970m3e97xkks96rkhs9p,bostromvalconspub1t27ncrl8vwud4m8azyjpfzt2tlqcpeqcezmsczrjgz50cvul937sl4s5yl,839485663746.0,839485663746.0,0.035,0.01,0.9999992596296868,0.0,66.7003724020574,0.0,38.0,280,99.99990000000001,326367052542,0.00816151202749141,187714776632,0.012539346993985557,230723984689,244.4893967857314,165958218441,0.0,0,910764032304
Nett,bostromvaloper1njsr8tngxtygsc73mrtn5738ztkzqy7cx7egpg,bostrom1njsr8tngxtygsc73mrtn5738ztkzqy7c7y7h3t,bostromvalconspub1pgvzuvjf49xspfm6g746ekwqnus4u09kxu943knjuaxd6fsw4hvqlxmyzw,1303938776773.0,1304069183192.3962,0.05,0.01,0.9999999547702401,1.0,87.74652419531832,0.0,23.0,400,99.99990000000001,403354500240,0.004939862542955326,113616838487,0.012539355710600617,230724145075,226.9645281982497,154062422519,0.0,0,901757906321
NodeMarsel,bostromvaloper1vrym7t34gs9t2dkd8z849zcymkj54kgqxm2khp,bostrom1vrym7t34gs9t2dkd8z849zcymkj54kgq7pdf8z,bostromvalconspub10jrv45kp9j9vsq4p08tf4d7q5j6lkjwma6r9ku6nt9j6h68z2lysvphqxh,1131934320933.0,1132047525650.715,0.05,0.01,0.9776683942307625,2.0,87.4650085649512,12.3906,27.0,400,99.99990000000001,403354500240,0.005798969072164949,133376288659,0.012259332316757904,225571714628,201.47128024180353,136757729274,2.0843683662804845e-07,1917618,899062150419
Mimino,bostromvaloper1h48gzqwt0lwlq0fvf5fec05l6ll44w0nk4zke0,bostrom1h48gzqwt0lwlq0fvf5fec05l6ll44w0nw09ffv,bostromvalconspub18wcnzy3m9tecnkcs3gsamacxujrrd8qydh3mz2lh7x0yeldzflzqu7lxmj,217565058775.0,217565058775.0,0.1,0.01,0.9999814216248174,0.0,80.3758665552351,0.0,55.0,100,99.99990000000001,210885880994,0.011812714776632302,271692439862,0.012539123316887214,230719869030,264.6027992450496,179611098618,0.0,0,892909288504
Adorid,bostromvaloper1mnfalar08dsvtwutmh43lnhx2zzmq7xh4xcxt3,bostrom1mnfalar08dsvtwutmh43lnhx2zzmq7xhdulemj,bostromvalconspub1qzhdeh6wdyzsjqx0fe8p8jhsujvnqjcl57zuhemt5nel290pz0jqr0hf5n,1135592848563.0,1135933594336.4097,0.05,0.01,0.9999987696616488,3.0,86.49274027712202,0.0,26.0,400,99.99990000000001,403354500240,0.005584192439862543,128436426116,0.012539340850101763,230723871641,187.2199772582419,127084013829,0.0,0,889598811826
dobry,bostromvaloper1fpl40sref5vp8kfm7xkqlq5qc0v4xrjvwazf77,bostrom1fpl40sref5vp8kfm7xkqlq5qc0v4xrjvk89kwa,bostromvalconspub1vutzd3grce60vxsyjq7zrrsfsdu87zkdxp23nrez9f5u48z04mzst2lsqd,2127128291198.0,2127128291198.0,0.05,0.01,0.9999697398157065,0.0,87.87686760809592,4694.391936,13.0,400,99.99990000000001,403354500240,0.0027920962199312715,64218213058,0.012538976834520803,230717173755,277.2234386061082,188177927493,7.896988079932047e-05,726522903,887194337449
allcash,bostromvaloper107jv9wtq5mwhgwktnl8hhktl2kveggltdj269z,bostrom107jv9wtq5mwhgwktnl8hhktl2kvegglt4gd94p,bostromvalconspub1qj0dq8ek4y5z385ml7wxg286dvjh0v8kgnjkgz06gz0sxauctxhs5xxpgn,151790574957.0,151805755483.5649,0.1,0.01,0.9059549224035813,1.0,74.61449072122714,2.850519,66.0,100,99.99990000000001,210885880994,0.014175257731958763,326030927835,0.0113600915436023,209025684402,205.64322535256315,139589625410,4.7951928325355356e-08,441157,885532559798
Serebrum,bostromvaloper10qmxjnffkup7ghyrxnf994gvja8wsdf6cnkr2k,bostrom10qmxjnffkup7ghyrxnf994gvja8wsdf6qf3u64,bostromvalconspub136h6rvr95x7mt03lvy5jl2uuz6ttzd38tc7ar6lmpyuqw097drxqwd6vdn,100993483878.0,101064199959.67421,0.1,0.01,0.8681049724339005,7.0,55.33538672489455,0.0,75.0,100,99.99990000000001,210885880994,0.01610824742268041,370489690721,0.010885477535837356,200292786659,131.1915327490385,89052177050,0.0,0,870720535424
Please redelegate to 0base.vc,bostromvaloper152m9xcx0ht7yxr5834ju7qjcyvetw8am44jz3d,bostrom152m9xcx0ht7yxr5834ju7qjcyvetw8amd04apw,bostromvalconspub17395uwu6hau53yx4tdw3t6p9uwnl9pya4kfnndjvxtj8vmangekse52ygn,150393263.0,150393263.0,0.1,0.1,0.0,0.0,99.96706021315529,0.0,95.0,100,90.909,197546819668,0.020403780068728523,469286941580,0.0,0,299.93413127660614,203593835687,0.0,0,870427596935
Hailbiafra,bostromvaloper1smsn8u0h5tlvt3jazf78nnrv54aspgedaddv0x,bostrom1smsn8u0h5tlvt3jazf78nnrv54aspged9h2nl9,bostromvalconspub1k6ufw0sjgcr9q8dm9nz74qt58jsueara430n7ljdvcucr0m9jrfqm78vph,1549752652185.0,1549907642857.499,0.05,0.01,0.9915706156802926,2.0,87.53965435837004,0.0,19.0,400,99.99990000000001,403354500240,0.004080756013745705,93857388316,0.012433657224565778,228779292932,201.60191386949163,136846402747,0.0,0,862837584235
Galaxy,bostromvaloper1ngymhfhty76w8r6e8dlyvj68g5zfm09q2p7dmn,bostrom1ngymhfhty76w8r6e8dlyvj68g5zfm09qjmejts,bostromvalconspub12a6ayfxahlgdsjs506yvrfv5a07kv4q4sgpe6xlwm245czd83gys0nkat3,270704485579.0,270704485579.0,0.05,0.01,0.16677454292670832,0.0,72.8523455856348,0.0,50.0,400,99.99990000000001,403354500240,0.010738831615120275,246993127147,0.0020912454118173556,38478915577,253.0746425732876,171785841702,0.0,0,860612384666
Space,bostromvaloper1lnkg57t7mvg5mcl7kdkevtgr9wlf6f9qnmq9q4,bostrom1lnkg57t7mvg5mcl7kdkevtgr9wlf6f9qtp86sk,bostromvalconspub16rkmgztd0w4mwg2ejxrkkg47ffgnxzthe942fedjryzdwxargq5q7u3v0k,1892913202634.0,1892913202634.0,0.05,0.05,0.874040387462864,0.0,87.8391592728703,1213.753927,14.0,400,95.9595,397426028540,0.003006872852233677,69158075601,0.010959903819541858,201662230279,277.15717901764674,188132950805,2.0417980484298682e-05,187845420,856567130645
dalek,bostromvaloper1d375m6l5rgs0x8rx09p6nwpwukqjcuvuvklj3m,bostrom1d375m6l5rgs0x8rx09p6nwpwukqjcuvu5vcdpc,bostromvalconspub15p6h03cy3u3vtkwhfns8rlahnhx9n8nn87qrfnn4gd0zlmhpnyts3e8lzd,307821375137.0,307821375137.0,0.1,0.01,0.999997058164489,0.0,78.66557153688096,0.0,48.0,100,99.99990000000001,210885880994,0.010309278350515464,237113402061,0.012539319389029108,230723476758,261.88272145224136,177764722986,0.0,0,856487482799
soldout,bostromvaloper1dzr5h7l9pjsqu9uwrjgrvelk08y7kzk0zrjwl0,bostrom1dzr5h7l9pjsqu9uwrjgrvelk08y7kzk06e430v,bostromvalconspub1jrstcwht2dullcsp7nw89y3rqjl2aeg7af64g97j3zqn3hzl59fsyfd4v8,70332404161.0,70332404161.0,0.1,0.01,0.41034457857134454,0.0,35.433643801158155,0.0,82.0,100,99.99990000000001,210885880994,0.01761168384879725,405068728522,0.005145456867350372,94676406359,212.55543113027352,144281597215,0.0,0,854912613090
turfu,bostromvaloper14mjrrh3qe8ajzesr3xv6tqdgq8nr4xcqkvt6nn,bostrom14mjrrh3qe8ajzesr3xv6tqdgq8nr4xcqwkv9rs,bostromvalconspub1trp4l3jh3hfvf4qhxval8g23m3z4j6mjx6nd3dfc2am2kgf5wzaslt46ed,71795536978.0,71817079846.9615,0.02,0.01,0.4553404691414256,2.0,53.62510074995925,0.0,80.0,160,99.99990000000001,249379604843,0.01718213058419244,395189003436,0.005709676370243391,105058045212,153.66655071581596,104308110396,0.0,0,853934763887
777stakes,bostromvaloper19yyulmnkzwyuq9tzfhy4vdvftp0dsdvcqm3dde,bostrom19yyulmnkzwyuq9tzfhy4vdvftp0dsdvccpkja6,bostromvalconspub17vcad2gnu7xxralnn7krecdx4udugw4ywlezppexj47h6h54xweqctnwt9,358970152922.0,358970152922.0,0.1,0.01,0.999998467428558,0.0,80.01940714146724,1088.416812,47.0,100,99.99990000000001,210885880994,0.010094501718213059,232173539518,0.012539337060293358,230723801909,264.031055192719,179223001524,1.8309537651612136e-05,168447746,853174671691
0base.vc,bostromvaloper1n3mhyp9fvcmuu8l0q8qvjy07x0rql8q4y57nyp,bostrom1n3mhyp9fvcmuu8l0q8qvjy07x0rql8q4uwev5z,bostromvalconspub1g0vmyt5mve0dhtsu83p92dptdk5rqtzmlwuh0stgjt5wmxzhn83sslcdfr,3224739724089.0,3224739724089.0,0.05,0.1,0.9999999555501706,0.0,86.70101218774126,0.0,6.0,400,90.909,390015438915,0.001288659793814433,29639175257,0.012539355720380443,230724145255,275.17065514378857,186784508021,0.0,0,837163267448
redelegate to ForTheFuture,bostromvaloper1nvr4qa7szsd3e7xfysn946gcqv5wyemlquue3d,bostrom1nvr4qa7szsd3e7xfysn946gcqv5wyemlcxmxpw,bostromvalconspub1t4a6t7wpgz06qjhp9ldxv5cqqklkr73m9gtzalc6qe6df9xlsecsn8ms3g,1349909818000.0,948442619088.1877,0.05,0.01,0.9999997259326918,12.0,83.32191585695338,183226.6425,21.0,400,99.99990000000001,403354500240,0.004510309278350515,103737113402,0.012539352841125069,230724092276,104.13301112760472,70684983622,0.003082270571939885,28356889261,836857578801
easypeasy,bostromvaloper14qjhp4y2ps0y9x06d2xhctgdem8m967avas4pe,bostrom14qjhp4y2ps0y9x06d2xhctgdem8m967a58h236,bostromvalconspub104pc9fdzpha57ryuagsrxr0khkcuatgutvgh5e9e7a60uy4jkzhqs2ma4t,172232837588.0,172491391926.32184,0.088,0.01,0.9240993259733499,15.0,56.13983787256011,0.0,60.0,130,99.99990000000001,230132742918,0.01288659793814433,296391752577,0.011587610684410955,213212036593,131.07085727260954,88970263121,0.0,0,828706795209
cccatch,bostromvaloper10jmsqhf7mwquv0wa08hegxqaasvue5tnpghpd0,bostrom10jmsqhf7mwquv0wa08hegxqaasvue5tnejs7av,bostromvalconspub1xrw062nuenh57yn5xt2jsetjsek7drwqdltmzwuqgrhzc9j8jrssnx7hl8,60101601404.0,60101601404.0,0.1,0.01,0.15992246037744604,0.0,37.88747713947475,0.0,88.0,100,99.99990000000001,210885880994,0.018900343642611683,434707903780,0.002005324707487584,36897974617,214.35460923994222,145502870602,0.0,0,827994629993
MindPool,bostromvaloper1gd9r9uhd8a5k2naudq4hua3vf3lkwhfrrqkl8r,bostrom1gd9r9uhd8a5k2naudq4hua3vf3lkwhfrm63qhq,bostromvalconspub1gnc9zsrh96klaxf6s64lgddgnhqakuzp5e5u0y7nxadfgd3v5xaqdt8unw,967768303910.0,968446012394.0,0.06,0.01,0.9999994302698192,7.0,78.24525257491595,0.0,32.0,278,99.99990000000001,325083928413,0.006872852233676976,158075601374,0.01253934913370297,230724024060,161.79465549125086,109825428552,0.0,0,823708982399
medium,bostromvaloper15kl5tv0smz5h8eewu5hs9mtnusz4dereu6pemd,bostrom15kl5tv0smz5h8eewu5hs9mtnusz4dereyqxxtw,bostromvalconspub1dvw39ednqe7r0dy6rr0yzvgcg773n60qnwr7mflz8swtskgwydwql5qjkf,251850880260.0,251901257838.08215,0.1,0.1,0.9628990988231194,2.0,86.15144518320993,14.666651999999997,54.0,100,90.909,197546819668,0.011597938144329897,266752577319,0.01207413485967009,222164081417,199.1607302534512,135189339132,2.467249807761077e-07,2269869,821655087405
wombat,bostromvaloper1avvkajdvmj9d8jpl0ga4scftjykeuhjpg8zfeh,bostrom1avvkajdvmj9d8jpl0ga4scftjykeuhjpsa9kf5,bostromvalconspub1wa7wwvhz3nswa6yzwfs4pnmf8dszg4rhd828uqskl6leh37e3c6saa094l,484437284689.0,484437284689.0,0.1,0.1,0.9978933593038939,0.0,85.42036996471866,9.629958,42.0,100,90.909,197546819668,0.00902061855670103,207474226804,0.012512940359515003,230238102615,272.9663960490941,185288267623,1.6199683488942978e-07,1490370,820548907080
Bro_n_Bro,bostromvaloper1ydc5fy9fjdygvgw36u49yj39fr67pd9m5qexm8,bostrom1ydc5fy9fjdygvgw36u49yj39fr67pd9mv67ety,bostromvalconspub1fpyg2tmq2g8afnjjc0yxsy43uut9f73ga09ausm4ncuthkdswamqgyjgph,7875372791307.0,7875372791307.0,0.05,0.01,0.9504985902976489,0.0,87.89692419358614,1.0,1.0,400,99.99990000000001,403354500240,0.0002147766323024055,4939862542,0.011918640465243907,219302984560,277.2586928269303,188201857887,1.6822174602363764e-08,154764,815799359993
elvenValidators,bostromvaloper1z4mr2jta0vfx8hxustn0hhsnmjlek04d7c8zwm,bostrom1z4mr2jta0vfx8hxustn0hhsnmjlek04dxzqa7c,bostromvalconspub1lzpmktz2lzxxfx452hzy893vd2jxl0uacnv8enghjf037zlapp7sy05e25,150947546913.0,150947546913.0,0.1,0.01,0.38953719614023735,0.0,75.71579033918944,10.527569999999999,68.0,100,99.99990000000001,210885880994,0.014604810996563574,335910652920,0.004884545685839266,89875640619,257.3288090668809,174673549314,1.7709662067860668e-07,1629288,811347353135
56f44a744d9b,bostromvaloper1z0tlk26v5cazm9kfjrjvasnm05a9futc36sss7,bostrom1z0tlk26v5cazm9kfjrjvasnm05a9futcfqh0qa,bostromvalconspub1994z4fews06t9ex63zvuetn2y7wsv8a2g3rk69f80sur94r6unfszryyf4,170303589482.0,170388766515.694,0.05,0.01,0.06071672132545755,5.0,54.432410259990746,0.0,61.0,400,99.99990000000001,403354500240,0.013101374570446736,301331615120,0.0007613486007169368,14008814253,132.60397837110375,90010938298,0.0,0,808705867911
Citizen Cosmos,bostromvaloper1f7nx65pmayfenpfwzwaamwas4ygmvalqj6dz5r,bostrom1f7nx65pmayfenpfwzwaamwas4ygmvalq2q2ayq,bostromvalconspub1sum9n4kw2rv36yy9k6caqalmc5hkd7jrx9kuap24fzsjpzs6m7ts2x656u,5363359355029.0,5363895744531.342,0.05,0.01,0.9999992170604186,1.0,87.731751191094,0.0,4.0,400,99.99990000000001,403354500240,0.000859106529209622,19759450171,0.012539346460194336,230723974867,226.93860467449258,154044825757,0.0,0,807882751035
DemonKing,bostromvaloper1kaaxhzud2ev7v69kwkf8vuvhst9a36wzv9j49r,bostrom1kaaxhzud2ev7v69kwkf8vuvhst9a36wz5l424q,bostromvalconspub1qetnrp9p08vkjftqc0llulh3f2rxuwefha5xsj0hefn7uss2xzzsagf5ep,260876690316.0,261085485112.4991,0.1,0.01,0.959226597229097,8.0,84.51329699857217,0.0,52.0,100,99.99990000000001,210885880994,0.011168384879725086,256872852233,0.012028084053752029,221316746589,171.5758750696096,116464873030,0.0,0,805540352846
MMatriXX,bostromvaloper1mln0yvsm653nwyw3qaedhf2s38tagy5g60jkgh,bostrom1mln0yvsm653nwyw3qaedhf2s38tagy5gz44fc5,bostromvalconspub1cpx3az0dmpnpm3j3csvkhy8425n477yy7gujce2908dkkmyuy60srxqq5h,151277635264.0,151292764426.3299,0.1,0.01,0.524672796012427,1.0,75.77394483460317,5.4960059999999995,67.0,100,99.99990000000001,210885880994,0.014390034364261168,330970790378,0.006579059118444483,121054687779,207.3869103841049,140773230364,9.245477254763887e-08,850583,803685440098
AlphaCentavra,bostromvaloper1ezqvp6aga74ms7jqrfwhrm7266sn2m500l40jz,bostrom1ezqvp6aga74ms7jqrfwhrm7266sn2m50h9jszp,bostromvalconspub1upgszj9t50gmm5fa2zllkygufxgcl7uf9aanf4q095z3pc6p7ytqqkyg04,211734326973.0,211924982424.66196,0.1,0.01,0.8763404314943908,9.0,66.42880661116358,7.3074449999999995,57.0,100,99.99990000000001,210885880994,0.012242268041237113,281572164948,0.010988744891107691,202192905996,144.05352775564756,97782836968,1.2292711568717008e-07,1130929,792434919835
g0g0stake,bostromvaloper13er6djw40xer2syx4qfw3fcl9fantzs39955ck,bostrom13er6djw40xer2syx4qfw3fcl9fantzs3alntg4,bostromvalconspub13dfj2qwu0rjl6xd2w4scvlq0895fmzalhmjj42d20guwl7gf4vxsm53exm,211784270312.0,212569295773.74005,0.1,0.01,0.8897218520091589,37.0,56.0352628067874,3.146742,56.0,100,99.99990000000001,210885880994,0.012027491408934709,276632302405,0.011156539290444797,205280322944,130.29568333657957,88444078808,5.293504335259136e-08,487002,781243072153
blue,bostromvaloper1ymprf45c44rp9k0g2r84w2tjhsq7kalvaayh3g,bostrom1ymprf45c44rp9k0g2r84w2tjhsq7kalv98rgpt,bostromvalconspub16awsw5yh0dw94959wmz0uut4p79y2ux0aapuplwgufdujqt6strswq8yg3,2160069624023.0,2161582277537.883,0.077,0.1,0.3064949303673606,7.0,85.18954100446001,1879149.792366,12.0,169,90.909,241814602095,0.002577319587628866,59278350515,0.0038432491292013367,70715783977,173.144038863439,117529335019,0.031611385911176466,290824750382,780162821988
Citadel.one,bostromvaloper1argjwgcplguenq4l92ggn06wadnfrz0eq6yysn,bostrom1argjwgcplguenq4l92ggn06wadnfrz0ecqrmqs,bostromvalconspub1774ahrtv8kxmerhs4tjl2xxmklzffak4dcrz8cd42qcuwmc64hzs5jejkx,3058368827559.0,3058674694887.3677,0.05,0.03,0.7906247718236271,1.0,87.7186355851815,0.0,8.0,400,97.97970000000001,400390264390,0.001718213058419244,39518900343,0.009913925695913386,182416232804,226.91559330299734,154029205749,0.0,0,776354603286
starhit,bostromvaloper1wny7fkhnyjr0rxs4jgy7vwxaeu0r5fqtyzymv2,bostrom1wny7fkhnyjr0rxs4jgy7vwxaeu0r5fqtucryuf,bostromvalconspub1sye8z3p6xkskczfdh4zwe8j572pts3ny2qekf9mzht8unhdlwhls3tk7en,202093496130.0,202376638539.9418,0.1,0.01,0.7918657046197061,14.0,62.18762092153602,7.8671690000000005,58.0,100,99.99990000000001,210885880994,0.01245704467353952,286512027491,0.00992948619436017,182702545976,138.25996650262908,93850195649,1.3234289054430356e-07,1217554,773951867664
Please redelegate to weiss,bostromvaloper10g2lz3kf6p4jaumktxeezese3p8hkrj75wssa3,bostrom10g2lz3kf6p4jaumktxeezese3p8hkrj7v5h0dj,bostromvalconspub10kv29merthf6f2hlu30xc2j3e4hjmlw4wgsrqy2x0c8wfc0zu7tqwudsm6,285079841733.0,300234115479.7752,0.1,0.01,0.9999215441782434,5.0,65.40834513002484,0.0,49.0,100,99.99990000000001,210885880994,0.01052405498281787,242053264604,0.01253837249225162,230706053857,131.51651311643687,89272772150,0.0,0,772917971605
Proxier,bostromvaloper1vx9qctuxswd6ydcv4z5pcuuvct7y9l0nc6e649,bostrom1vx9qctuxswd6ydcv4z5pcuuvct7y9l0nqq799x,bostromvalconspub1hk9c4a7scvv4t2k3hvpnja77uveyvndhal53sjymnpspl4celvnsgzf4j7,418047683740.0,418298599947.39716,0.09,0.01,0.9503272665999534,6.0,76.1132967999589,979.4848559999999,44.0,124,99.99990000000001,226283370533,0.009450171821305841,217353951890,0.01191649217635968,219263456045,159.31499257084945,108142245371,1.6477065268003128e-05,151589000,771194612839
#decentralizehk,bostromvaloper19hsqcy8w8m3jxjcjdjmas4tnfpkrnm80ptywhu,bostrom19hsqcy8w8m3jxjcjdjmas4tnfpkrnm80e3r38l,bostromvalconspub15dpegfq2afn7lavt0llgxk6rth7utp462ae5k6t0c43wzv0ky0hqe9w7tv,269231191367.0,269231191367.0,0.0,0.1,0.9815851908745856,0.0,57.84129417953601,0.0,51.0,0,90.909,133390613253,0.01095360824742268,251932989690,0.012308446425342309,226475414226,233.45615312363626,158468906079,0.0,0,770267923248
Kerman,bostromvaloper1ke6pp2kq2wx74tlh5fxqgp7af6jtsna3wvvr8e,bostrom1ke6pp2kq2wx74tlh5fxqgp7af6jtsna3kktuh6,bostromvalconspub16fcr93cngc80mmx6dzphf9dzdnsjsk26mmerd8vcnzqwc9yyhgyswgap6r,875225387543.0,875750706289.0536,0.07,0.01,0.8100338203166443,6.0,86.20438041650246,0.0,36.0,205,99.99990000000001,278249897730,0.007731958762886598,177835051546,0.010157302669979508,186894369127,175.69460506217064,119260647002,0.0,0,762239965405
BigfOOT,bostromvaloper1gwlqmqc9nrnuu8fanls76exyrzum9xjmlax6q4,bostrom1gwlqmqc9nrnuu8fanls76exyrzum9xjm88p9sk,bostromvalconspub1s3058cqgckgf5ffyhgp6anl9aa28xphfag2tf5g8fnu5ka8ppmus3lg3az,403859285294.0,403899675202.0339,0.1,0.01,0.8164366504844608,1.0,75.23394252657928,6.184164,45.0,100,99.99990000000001,210885880994,0.009664948453608248,222293814432,0.010237590038639702,188371656710,206.5714641250015,140219709393,1.0403108657765231e-07,957085,761772018614
StakeAngle,bostromvaloper1g2d9xyuf7ddgaj4llxvg50pfhlsr9ehfjeqjne,bostrom1g2d9xyuf7ddgaj4llxvg50pfhlsr9ehf2r8dr6,bostromvalconspub14rsna2268kpzfmhfej54ur4nxam98axg456prh6dsl9j7cqr234qjt42l0,607450811841.0,607633083328.9567,0.1,0.01,0.9559992316061355,3.0,86.63555449767244,102.528656,40.0,100,99.99990000000001,210885880994,0.00859106529209622,197594501718,0.011987614966367145,220572115381,187.46722912574916,127251847200,1.7247549529776912e-06,15867745,756320213038
cyberdBot,bostromvaloper135ca8hdpy9sk0ntwqzpzsvatyl48ptx52tn60p,bostrom135ca8hdpy9sk0ntwqzpzsvatyl48ptx5j359lz,bostromvalconspub1e5vnx4cp33eht0xz7zjy70qt6nwq4874sr4580cm97p05gqsdr9sgu2nqr,6889099961843.0,6889788940663.22,0.02,0.01,0.9237683951731502,1.0,85.64555390710262,828185.698626,2.0,160,99.99990000000001,249379604843,0.000429553264604811,9879725085,0.01158346102520397,213135682863,223.32161204365906,151589628676,0.013931884425467188,128173336714,752157978181
alinode,bostromvaloper1jdmfxzpnqqlhjsju3mz7qsgvvdparw5aque52f,bostrom1jdmfxzpnqqlhjsju3mz7qsgvvdparw5acx7t62,bostromvalconspub1yjsapkrg8lastqe3e09uq7syr3t3c32ktzuxpq2fxrlhuu3zmtuqu8lf24,930909145025.0,931002245203.2621,0.1,0.01,0.944313494057993,1.0,83.33619482044818,369.420147,34.0,100,99.99990000000001,210885880994,0.007302405498281787,167955326460,0.011841083339882673,217875933453,219.41921668631994,148940701608,6.2144502144648885e-06,57172941,745715015456
csaxial,bostromvaloper1ezpth4mp3eeqdt49kgqd5ctr69xev6v2s737vq,bostrom1ezpth4mp3eeqdt49kgqd5ctr69xev6v2gykpur,bostromvalconspub1js09r69w7p3krwrtwqht8c6kqvrzy9sxhyyum9kxlsv3kuv6mu5s7dewrg,990077117953.0,990176135514.5626,0.1,0.01,0.9999251769030626,1.0,86.47069381957803,0.0,30.0,100,99.99990000000001,210885880994,0.006443298969072165,148195876288,0.012538418044282388,230706892014,224.74181191204036,152553653469,0.0,0,742342302765
44a6facbe2of,bostromvaloper1q7qc5ghducptzd3hpqce2a68wyhaex2tt5phgq,bostrom1q7qc5ghducptzd3hpqce2a68wyhaex2tnwxgcr,bostromvalconspub1xrnamd3c32ged79uxe3e8parduz2328k9vgzsh0cgmk7n2a7sk4qykmtng,157015110001.0,157015110001.0,0.1,0.01,0.09816886403270704,0.0,84.3047228610304,0.0,63.0,100,99.99990000000001,210885880994,0.013530927835051547,311211340206,0.0012309743614883754,22649928251,271.0728629667514,184002946537,0.0,0,728750095988
qwertys318,bostromvaloper1402rpwdquxxkgvl740f6w69l65eau5vkcztud9,bostrom1402rpwdquxxkgvl740f6w69l65eau5vkqcvrax,bostromvalconspub14ae532pcqg4sch6vsahmz33th9z2l7zvfg3lwu3065c5dh0whp6qtz2pqn,1566590820500.0,1566590820500.0,0.1,0.01,0.9987513869679631,0.0,87.89875798452455,52933.339563,17.0,100,99.99990000000001,210885880994,0.0036512027491408935,83977663230,0.012523699474090934,230436070323,277.2619165522202,188204046136,0.0008904538804149957,8192175699,721695836382
baddeepbeat,bostromvaloper13hepw93y8mjcew7mfra5z7ju7k658534lh5rkk,bostrom13hepw93y8mjcew7mfra5z7ju7k6585348dnux4,bostromvalconspub1gudxfdsyq5t4d8mfpl33uelvk2k4pwl7klnwx6j70nsya4t2l7yq604283,468435312950.0,468529013307.3767,0.042,0.01,0.05920230279548916,2.0,83.24142896086474,0.0,43.0,336,99.99990000000001,362294528134,0.009235395189003437,212414089347,0.0007423587672160326,13659401316,194.23137043889844,131843313563,0.0,0,720211332360
bloqhub,bostromvaloper1gh09lmm8flkuu3w38mr4axvunnu6qqlaexfan0,bostrom1gh09lmm8flkuu3w38mr4axvunnu6qqlapuwzrv,bostromvalconspub1dzqmdnlewcmh9wj6e92psrewuerx02wtaty2z96zng3g3qyt9xhq4hqyru,1554778310595.0,1554778310595.0,0.1,0.01,0.9999886771625078,0.0,87.89317808465059,0.0,18.0,100,99.99990000000001,210885880994,0.003865979381443299,88917525773,0.012539214296659301,230721543058,277.252107538201,188197387825,0.0,0,718722337650
jabbey,bostromvaloper1xwazl8ftks4gn00y5x3c47auquc62ssu7z4kg5,bostrom1xwazl8ftks4gn00y5x3c47auquc62ssuxcjfch,bostromvalconspub1rl6gqjace2m5tnuyd63tus75j5mr70tyget4smzjhfhw3ky5tuhsex9nps,2811581727789.0,2811862914000.7046,0.069,0.01,0.9999588869463535,1.0,85.36339509831666,653.2503389999999,9.0,211,99.99990000000001,282099270115,0.0019329896907216496,44458762886,0.012538840746525351,230714669736,222.8390952355142,151262098604,1.0989091261711319e-05,101099639,708635900980
Node_masters,bostromvaloper1zy553za8nenzukmv65240323jhuvxzymdmc97x,bostrom1zy553za8nenzukmv65240323jhuvxzym4pl6w9,bostromvalconspub1serfzkhpxuzdq4vea2h77j5fl05tyckw6vw74kwgapxkhvfks9fsy4zg34,1819426166318.0,1819426166318.0,0.1,0.01,0.999261993951583,0.0,87.89735325448636,0.0,15.0,100,99.99990000000001,210885880994,0.0032216494845360823,74097938144,0.012530102156976454,230553879688,277.25944709143965,188202369878,0.0,0,703740068704
kiwi,bostromvaloper1w4tk9lj8qtx2x4xf4emgrnq950hnlajs795qpl,bostrom1w4tk9lj8qtx2x4xf4emgrnq950hnlajsxlnl3u,bostromvalconspub17dkam93q992m37dafvt3tptzdrs84py08ulmhfwn8xv6g7vkl0xs9t7vdg,1292681665215.0,1293069547186.5046,0.1,0.01,0.9999666577764074,3.0,86.91021824041954,0.0,24.0,100,99.99990000000001,210885880994,0.005154639175257732,118556701030,0.01253893818773197,230716462654,187.94389636119226,127575406611,0.0,0,687734451289
PoorButHappy,bostromvaloper1r28nhrkwcvqs4qss2l7zqdvc2qfdl8arglv6nn,bostrom1r28nhrkwcvqs4qss2l7zqdvc2qfdl8ars9t9rs,bostromvalconspub1td7k2h6ctgu37j2dfg6k3whe6wzwtkrufw0wqqy2v7uaxy965qnquqzhv6,882594971133.0,882594971133.0,0.0,0.01,0.8358408559010364,0.0,72.10652704511456,0.0,35.0,0,99.99990000000001,146729674578,0.007517182130584193,172895189003,0.010480906283644844,192848675619,251.9935124250784,171051975793,0.0,0,683525514993
PLap,bostromvaloper1wm4026rxqcrkh09k806m6y4lys942etxvz4a4p,bostrom1wm4026rxqcrkh09k806m6y4lys942etx5cjz9z,bostromvalconspub1m9ga7ujgm4a9qvq68udaurp7j2hdf5nch45p75k7kdgvwnnc392swnumr0,1529743090984.0,1530049085377.3987,0.1,0.01,0.9398883481373315,2.0,86.42621070170168,1141.213821,20.0,100,99.99990000000001,210885880994,0.00429553264604811,98797250859,0.011785594858602453,216854945398,199.63491398469318,135511212752,1.919769815549271e-05,176618823,662225908826
sta,bostromvaloper1hmkqhy8ygl6tnl5g8tc503rwrmmrkjcqf92r73,bostrom1hmkqhy8ygl6tnl5g8tc503rwrmmrkjcq3lduwj,bostromvalconspub1z4dnk3702wsrksnfsdv3adz97rzcysu8w7a3et2pyvswpce909hs6f3ut7,2565146680275.0,2565659786388.2563,0.05,0.01,0.06930344672549713,2.0,87.49942445088712,187147.18269000002,10.0,400,99.99990000000001,403354500240,0.002147766323024055,49398625429,0.0008690206097672615,15989979219,201.50150781227165,136778247602,0.00314822258355165,28963647768,634485000258
POSTHUMANâˆžDVS,bostromvaloper1ccvpcq9ffy0qd2ca8nmmpzfamtyjfc9zt56fhc,bostrom1ccvpcq9ffy0qd2ca8nmmpzfamtyjfc9znwak8m,bostromvalconspub1j4s3fm5j2frt5pjv2vdwfm5f9ygt2fn34jaf9ycteu3dacpdcmksalmusz,6378098748894.0,6380012561026.24,0.0199,0.01,0.9896882858811079,3.0,87.77264444331719,89891.036743,3.0,159,99.99990000000001,248738042779,0.0006443298969072165,14819587628,0.01241005402058157,228344993978,189.45040712870684,128598018823,0.0015121627152782427,13911896980,634412540188
Notional,bostromvaloper1g65rmjkeuy5rywx04s4fvwfylmlz98vq4gzln5,bostrom1g65rmjkeuy5rywx04s4fvwfylmlz98vqdj9qrh,bostromvalconspub19efa6w4hyuzfc4dpwgywf247yfsta0hlj495n6ue2dqq6xg8wrxswh4t2e,3650529578370.0,3653451316299.3413,0.0969,0.01,0.9997948664398365,8.0,37.659337525182416,0.0,5.0,107,99.99990000000001,215376815443,0.0010738831615120276,24699312714,0.012536784034957277,230676826243,114.33315785573171,77608793820,0.0,0,548361748220
P2P.ORG - P2P Validator,bostromvaloper1daxxqs56f6j5qxxtjrjkexghsmnaj66tpghggy,bostrom1daxxqs56f6j5qxxtjrjkexghsmnaj66tejshc8,bostromvalconspub1uz4spgg9rfjd2usrgnwdxcdsm3nrryhrrkpd0lnfwn823gxddcqs2d7zv6,1644737962216.0,1644737962216.0,0.1,0.1,0.1371342264218077,0.0,87.89871896424572,0.0,16.0,100,90.909,197546819668,0.003436426116838488,79037800687,0.0017195749229770533,31640178582,277.2618479555545,188203999573,0.0,0,496428798510
